name,price,url
Диван прямой Филс-Мини 120 Velvet Terra,27 990,https://divan.ru/product/divan-pryamoj-fils-mini-120-velvet-terra
Кресло Кастел Velvet Olive,15 990,https://divan.ru/product/kreslo-kastel-velvet-olive
Диван прямой Лилт Bucle Silver,84 990,https://divan.ru/product/divan-lilt-bucle-silver
Кресло Орхет Velvet Marsala,17 990,https://divan.ru/product/kreslo-orhet-velvet-marsala
Диван прямой Массе-М Мини Velvet Navy Blue,49 990,https://divan.ru/product/divan-pryamoj-masse-m-mini-velvet-navy-blue
Диван прямой Спейс Velvet Olive,67 990,https://divan.ru/product/divan-spejs-velvet-olive
Кресло Нелви Cozy Terra,26 990,https://divan.ru/product/kreslo-nelvi-cozy-terra
Диван прямой Мелоу Velvet Beige,54 990,https://divan.ru/product/divan-pryamoj-melou-velvet-beige
Пуф Кропс Bucle Lilac,9990,https://divan.ru/product/puf-krops-bucle-lilac
Диван прямой Клаймар Velvet Terra,62 990,https://divan.ru/product/divan-klajmar-velvet-terra
Кресло Лучето Bucle Dark Blue,13 990,https://divan.ru/product/kreslo-lucheto-bucle-dark-blue
Кресло Тут Рядом Мечта Сине-бежевое,19 990,https://divan.ru/product/kreslo-tut-ryadom-mechta-sine-bejevoe
Диван прямой Аронт Мини Velvet Pink,56 990,https://divan.ru/product/divan-pryamoj-aront-mini-velvet-pink
Диван прямой Лонди Cozy Ecru,54 990,https://divan.ru/product/divan-londi-cozy-ecru
Кресло Салми Velvet Smoke,22 990,https://divan.ru/product/kreslo-salmi-velvet-smoke
Диван угловой Нордика мини Velvet Olive,59 990,https://divan.ru/product/divan-uglovoj-nordika-mini-velvet-olive
Кресло Пайл Textile Ginger,26 990,https://divan.ru/product/kreslo-pajl-textile-ginger
Диван прямой Льери Мини Velvet Yellow,64 990,https://divan.ru/product/divan-leri-mini-velvet-yellow
Кресло поворотное Теоп Bucle Beige,36 990,https://divan.ru/product/kreslo-povorotnoe-teop-bucle-beige
Кресло Кенсол Velvet Blue,19 990,https://divan.ru/product/kreslo-kensol-velvet-blue
Диван модульный Маиль-3 Textile Latte,173 970,https://divan.ru/product/divan-modulnyj-mail-3-textile-latte
Кресло Грейн Textile Olive,12 990,https://divan.ru/product/kreslo-grejn-textile-olive
Диван угловой Онте Bucle Silver,109 990,https://divan.ru/product/divan-uglovoj-onte-bucle-silver
Пуф Ринт Bucle Blue,11 990,https://divan.ru/product/puf-rint-bucle-blue
Кресло Витио Velvet Yellow,22 990,https://divan.ru/product/kreslo-vitio-velvet-yellow-new
Диван прямой Эби Velvet Coral,66 990,https://divan.ru/product/divan-ebi-velvet-coral
Пуф Корк Velvet Moss,10 990,https://divan.ru/product/puf-kork-velvet-moss
Кресло Бринт Soft Terra,19 990,https://divan.ru/product/kreslo-brint-soft-terra
Диван модульный Риббл-1 Bucle Mint,78 980,https://divan.ru/product/modulnyj-divan-ribbl-1-bucle-mint
Кресло Пайпел-2 Bucle Forest,41 990,https://divan.ru/product/kreslo-pajpel-2-bucle-forest
Диван прямой Виена Velvet Smoke,64 990,https://divan.ru/product/divan-viena-time-grey
Диван прямой Види Textile Navy Blue,26 990,https://divan.ru/product/divan-vidi-textile-navy-blue
Диван угловой Аллаум Linia Stone,56 990,https://divan.ru/product/divan-uglovoj-allaum-linia-stone
Кресло Ансил Bucle Milk,31 990,https://divan.ru/product/kreslo-ansil-bucle-milk
Диван угловой Аронт Мини Velvet Olive,59 990,https://divan.ru/product/divan-uglovoj-aront-mini-velvet-olive
Диван модульный Brera-8 Bucle Beige,163 970,https://divan.ru/product/modulnyj-divan-brera-8-bucle-beige
Диван прямой Сваут Velvet Mustard,67 990,https://divan.ru/product/divan-svaut-velvet-mustard
Диван прямой Тилар Cozy Milk,31 990,https://divan.ru/product/divan-tilar-cozy-milk
Диван прямой Инес Vertical Blue,47 990,https://divan.ru/product/divan-ines-vertical-blue
Кресло Тилар Textile Yellow,23 990,https://divan.ru/product/kreslo-tilar-textile-yellow
Диван прямой Лави Velvet Moss,36 990,https://divan.ru/product/divan-lavi-velvet-moss
Диван угловой Эдвин Velvet Terra,76 990,https://divan.ru/product/divan-uglovoj-edvin-velvet-terra
Диван угловой Дарол Velvet Silver,68 990,https://divan.ru/product/divan-uglovoj-darol-velvet-silver
Диван прямой Терм Velvet Beige,69 990,https://divan.ru/product/divan-term-velvet-beige
Диван прямой Лилле Velvet Atlantic,46 990,https://divan.ru/product/divan-lille-velvet-atlantic
Кресло Кото Cozy Beige,32 990,https://divan.ru/product/kreslo-koto-cozy-beige
Диван прямой Бонент Velvet Eclipse,82 990,https://divan.ru/product/divan-bonent-velvet-eclipse
Диван прямой Нумо Мини Textile Light,26 990,https://divan.ru/product/divan-numo-mini-textile-light
